{
    "Timestep 0": {
        "Color": "yellow",
        "Observations": {
            "robot0_joint_pos": [
                4.350008964538574,
                -0.9499807518771668,
                1.4999859968768519,
                -2.099997659722799,
                -1.499991242085592,
                1.5000122785568237
            ],
            "robot0_joint_vel": [
                -0.0,
                0.0,
                -0.0,
                0.0,
                0.0,
                0.0
            ],
            "robot0_eef_pos": [
                0.15841076762655246,
                0.9636840230856483,
                0.08772536878150747
            ],
            "robot0_eef_quat": [
                1.846280894052913,
                -2.4766802303152997,
                -0.06752858849502398
            ],
            "robot0_gripper_qpos": [
                0.0015841076762655247,
                -0.0015841076762655247
            ],
            "robot0_gripper_qvel": [
                -0.0031682153525310493,
                0.0031682153525310493
            ]
        },
        "Action": [
            0.0,
            0.0,
            0.0,
            0.5,
            0.8,
            0.2,
            1.0
        ]
    }
}{
    "Timestep 0": {
        "Color": "green",
        "Observations": {
            "robot0_joint_pos": [
                4.350008964538574,
                -0.9499807518771668,
                1.4999859968768519,
                -2.099997659722799,
                -1.499991242085592,
                1.5000122785568237
            ],
            "robot0_joint_vel": [
                -0.0,
                0.0,
                -0.0,
                0.0,
                0.0,
                0.0
            ],
            "robot0_eef_pos": [
                0.15841076762655246,
                0.9636840230856483,
                0.08772536878150747
            ],
            "robot0_eef_quat": [
                1.846280894052913,
                -2.4766802303152997,
                -0.06752858849502398
            ],
            "robot0_gripper_qpos": [
                0.0015841076762655247,
                -0.0015841076762655247
            ],
            "robot0_gripper_qvel": [
                -0.0031682153525310493,
                0.0031682153525310493
            ]
        },
        "Action": [
            0.0,
            0.0,
            0.0,
            0.5,
            0.8,
            0.2,
            1.0
        ]
    }
}{
    "Timestep 0": {
        "Color": "blue",
        "Observations": {
            "robot0_joint_pos": [
                4.350008964538574,
                -0.9499807518771668,
                1.4999859968768519,
                -2.099997659722799,
                -1.499991242085592,
                1.5000122785568237
            ],
            "robot0_joint_vel": [
                -0.0,
                0.0,
                -0.0,
                0.0,
                0.0,
                0.0
            ],
            "robot0_eef_pos": [
                0.15841076762655246,
                0.9636840230856483,
                0.08772536878150747
            ],
            "robot0_eef_quat": [
                1.846280894052913,
                -2.4766802303152997,
                -0.06752858849502398
            ],
            "robot0_gripper_qpos": [
                0.0015841076762655247,
                -0.0015841076762655247
            ],
            "robot0_gripper_qvel": [
                -0.0031682153525310493,
                0.0031682153525310493
            ]
        },
        "Action": [
            0.0,
            0.0,
            0.0,
            0.5,
            0.8,
            0.2,
            1.0
        ]
    }
}{
    "Timestep 0": {
        "Color": "red",
        "Observations": {
            "robot0_joint_pos": [
                4.350008964538574,
                -0.9499807518771668,
                1.4999859968768519,
                -2.099997659722799,
                -1.499991242085592,
                1.5000122785568237
            ],
            "robot0_joint_vel": [
                -0.0,
                0.0,
                -0.0,
                0.0,
                0.0,
                0.0
            ],
            "robot0_eef_pos": [
                0.15841076762655246,
                0.9636840230856483,
                0.08772536878150747
            ],
            "robot0_eef_quat": [
                1.846280894052913,
                -2.4766802303152997,
                -0.06752858849502398
            ],
            "robot0_gripper_qpos": [
                0.0015841076762655247,
                -0.0015841076762655247
            ],
            "robot0_gripper_qvel": [
                -0.0031682153525310493,
                0.0031682153525310493
            ]
        },
        "Action": [
            0.0,
            0.0,
            0.0,
            0.5,
            0.8,
            0.2,
            1.0
        ]
    }
}{
    "Timestep 0": {
        "Color": "yellow",
        "Observations": {
            "robot0_joint_pos": [
                4.350040435791016,
                -0.949984149341919,
                1.5000088850604456,
                -2.100025316277975,
                -1.5000136534320276,
                1.4999933242797852
            ],
            "robot0_joint_vel": [
                -0.0,
                0.0,
                -0.0,
                0.0,
                0.0,
                0.0
            ],
            "robot0_eef_pos": [
                0.15838465702590462,
                0.9636819039662964,
                0.08771759905740692
            ],
            "robot0_eef_quat": [
                1.8463555934311546,
                -2.4766484322152826,
                -0.0675061941973847
            ],
            "robot0_gripper_qpos": [
                0.0015838465702590462,
                -0.0015838465702590462
            ],
            "robot0_gripper_qvel": [
                -0.0031676931405180925,
                0.0031676931405180925
            ]
        },
        "Action": [
            0.0,
            0.0,
            0.0,
            0.5,
            0.8,
            0.2,
            1.0
        ]
    }
}{
    "Timestep 0": {
        "Color": "green",
        "Observations": {
            "robot0_joint_pos": [
                4.350040435791016,
                -0.949984149341919,
                1.5000088850604456,
                -2.100025316277975,
                -1.5000136534320276,
                1.4999933242797852
            ],
            "robot0_joint_vel": [
                -0.0,
                0.0,
                -0.0,
                0.0,
                0.0,
                0.0
            ],
            "robot0_eef_pos": [
                0.15838465702590462,
                0.9636819039662964,
                0.08771759905740692
            ],
            "robot0_eef_quat": [
                1.8463555934311546,
                -2.4766484322152826,
                -0.0675061941973847
            ],
            "robot0_gripper_qpos": [
                0.0015838465702590462,
                -0.0015838465702590462
            ],
            "robot0_gripper_qvel": [
                -0.0031676931405180925,
                0.0031676931405180925
            ]
        },
        "Action": [
            0.0,
            0.0,
            0.0,
            0.5,
            0.8,
            0.2,
            1.0
        ]
    }
}{
    "Timestep 0": {
        "Color": "blue",
        "Observations": {
            "robot0_joint_pos": [
                4.350040435791016,
                -0.949984149341919,
                1.5000088850604456,
                -2.100025316277975,
                -1.5000136534320276,
                1.4999933242797852
            ],