{
    "Timestep 0": {
        "Color": "yellow",
        "Observations": {
            "robot0_joint_pos": [
                4.349974632263184,
                -0.949991301899292,
                1.4999740759478968,
                -2.1000200710692347,
                -1.5000069777118128,
                1.5000157356262207
            ],
            "robot0_joint_vel": [
                -0.0,
                0.0,
                -0.0,
                0.0,
                0.0,
                0.0
            ],
            "robot0_eef_pos": [
                0.15845323046790996,
                0.9636906089879612,
                0.08774489486938916
            ],
            "robot0_eef_quat": [
                1.8462640910694508,
                -2.476750798412887,
                -0.06754773043727423
            ],
            "robot0_gripper_qpos": [
                0.0015845323046790997,
                -0.0015845323046790997
            ],
            "robot0_gripper_qvel": [
                -0.0031690646093581994,
                0.0031690646093581994
            ]
        },
        "Action": [
            0.0,
            0.0,
            0.0,
            0.5,
            0.8,
            0.2,
            1.0
        ]
    }
}{
    "Timestep 0": {
        "Color": "green",
        "Observations": {
            "robot0_joint_pos": [
                4.349974632263184,
                -0.949991301899292,
                1.4999740759478968,
                -2.1000200710692347,
                -1.5000069777118128,
                1.5000157356262207
            ],
            "robot0_joint_vel": [
                -0.0,
                0.0,
                -0.0,
                0.0,
                0.0,
                0.0
            ],
            "robot0_eef_pos": [
                0.15845323046790996,
                0.9636906089879612,
                0.08774489486938916
            ],
            "robot0_eef_quat": [
                1.8462640910694508,
                -2.476750798412887,
                -0.06754773043727423
            ],
            "robot0_gripper_qpos": [
                0.0015845323046790997,
                -0.0015845323046790997
            ],
            "robot0_gripper_qvel": [
                -0.0031690646093581994,
                0.0031690646093581994
            ]
        },
        "Action": [
            0.0,
            0.0,
            0.0,
            0.5,
            0.8,
            0.2,
            1.0
        ]
    }
}{
    "Timestep 0": {
        "Color": "blue",
        "Observations": {
            "robot0_joint_pos": [
                4.349974632263184,
                -0.949991301899292,
                1.4999740759478968,
                -2.1000200710692347,
                -1.5000069777118128,
                1.5000157356262207
            ],
            "robot0_joint_vel": [
                -0.0,
                0.0,
                -0.0,
                0.0,
                0.0,
                0.0
            ],
            "robot0_eef_pos": [
                0.15845323046790996,
                0.9636906089879612,
                0.08774489486938916
            ],
            "robot0_eef_quat": [
                1.8462640910694508,
                -2.476750798412887,
                -0.06754773043727423
            ],
            "robot0_gripper_qpos": [
                0.0015845323046790997,
                -0.0015845323046790997
            ],
            "robot0_gripper_qvel": [
                -0.0031690646093581994,
                0.0031690646093581994
            ]
        },
        "Action": [
            0.0,
            0.0,
            0.0,
            0.5,
            0.8,
            0.2,
            1.0
        ]
    }
}{
    "Timestep 0": {
        "Color": "red",
        "Observations": {
            "robot0_joint_pos": [
                4.349974632263184,
                -0.949991301899292,
                1.4999740759478968,
                -2.1000200710692347,
                -1.5000069777118128,
                1.5000157356262207
            ],
            "robot0_joint_vel": [
                -0.0,
                0.0,
                -0.0,
                0.0,
                0.0,
                0.0
            ],
            "robot0_eef_pos": [
                0.15845323046790996,
                0.9636906089879612,
                0.08774489486938916
            ],
            "robot0_eef_quat": [
                1.8462640910694508,
                -2.476750798412887,
                -0.06754773043727423
            ],
            "robot0_gripper_qpos": [
                0.0015845323046790997,
                -0.0015845323046790997
            ],
            "robot0_gripper_qvel": [
                -0.0031690646093581994,
                0.0031690646093581994
            ]
        },
        "Action": [
            0.0,
            0.0,
            0.0,
            0.5,
            0.8,
            0.2,
            1.0
        ]
    }
}{
    "Timestep 0": {
        "Color": "yellow",
        "Observations": {
            "robot0_joint_pos": [
                4.349993705749512,
                -0.9500115674785157,
                1.4999964872943323,
                -2.1000057659544886,
                -1.5000103155719202,
                1.4999433755874634
            ],
            "robot0_joint_vel": [
                -0.0,
                0.0,
                -0.0,
                0.0,
                0.0,
                0.0
            ],
            "robot0_eef_pos": [
                0.15843030648433434,
                0.9636787442101326,
                0.08774912916869573
            ],
            "robot0_eef_quat": [
                1.8463702710676544,
                -2.47665853689604,
                -0.06753153721598737
            ],
            "robot0_gripper_qpos": [
                0.0015843030648433434,
                -0.0015843030648433434
            ],
            "robot0_gripper_qvel": [
                -0.0031686061296866868,
                0.0031686061296866868
            ]
        },
        "Action": [
            0.0,
            0.0,
            0.0,
            0.5,
            0.8,
            0.2,
            1.0
        ]
    }
}{
    "Timestep 0": {
        "Color": "green",
        "Observations": {
            "robot0_joint_pos": [
                4.349993705749512,
                -0.9500115674785157,
                1.4999964872943323,
                -2.1000057659544886,
                -1.5000103155719202,
                1.4999433755874634
            ],
            "robot0_joint_vel": [
                -0.0,
                0.0,
                -0.0,
                0.0,
                0.0,
                0.0
            ],
            "robot0_eef_pos": [
                0.15843030648433434,
                0.9636787442101326,
                0.08774912916869573
            ],
            "robot0_eef_quat": [
                1.8463702710676544,
                -2.47665853689604,
                -0.06753153721598737
            ],
            "robot0_gripper_qpos": [
                0.0015843030648433434,
                -0.0015843030648433434
            ],
            "robot0_gripper_qvel": [
                -0.0031686061296866868,
                0.0031686061296866868
            ]
        },
        "Action": [
            0.0,
            0.0,
            0.0,
            0.5,
            0.8,
            0.2,
            1.0
        ]
    }
}{
    "Timestep 0": {
        "Color": "blue",
        "Observations": {
            "robot0_joint_pos": [
                4.349993705749512,
                -0.9500115674785157,
                1.4999964872943323,
                -2.1000057659544886,
                -1.5000103155719202,
                1.4999433755874634
            ],